Name,PhoneNumber
TestCustomer1,36301234567,
TestCustomer2,36301234568,
TestCustomer3,36301234569,
TestCustomer4,36301234570,
TestCustomer5,36301234571,
TestCustomer6,36301234572,
TestCustomer7,36301234573,
TestCustomer8,36301234574,
TestCustomer9,36301234575,
TestCustomer10,36301234576,
TestCustomer11,36301234577,
RealCustomer,103,
TestCustomer13,36301234579,
TestCustomer14,36301234580,
TestCustomer15,36301234581,
TestCustomer16,36301234582,
TestCustomer17,36301234583,
TestCustomer18,36301234584,
TestCustomer19,36301234585,
TestCustomer20,36301234586,
TestCustomer21,36301234587,
TestCustomer22,36301234588,
